{
  "realm": "army-cop",
  "enabled": true,
  "displayName": "Army COP",
  "displayNameHtml": "<div class=\"kc-logo-text\"><span>Army COP</span></div>",
  "notBefore": 0,
  "defaultSignatureAlgorithm": "RS256",
  "revokeRefreshToken": false,
  "refreshTokenMaxReuse": 0,
  "accessTokenLifespan": 3600,
  "accessTokenLifespanForImplicitFlow": 900,
  "ssoSessionIdleTimeout": 1800,
  "ssoSessionMaxLifespan": 36000,
  "ssoSessionIdleTimeoutRememberMe": 0,
  "ssoSessionMaxLifespanRememberMe": 0,
  "offlineSessionIdleTimeout": 2592000,
  "offlineSessionMaxLifespanEnabled": false,
  "offlineSessionMaxLifespan": 5184000,
  "clientSessionIdleTimeout": 0,
  "clientSessionMaxLifespan": 0,
  "clientOfflineSessionIdleTimeout": 0,
  "clientOfflineSessionMaxLifespan": 0,
  "accessCodeLifespan": 60,
  "accessCodeLifespanUserAction": 300,
  "accessCodeLifespanLogin": 1800,
  "actionTokenGeneratedByAdminLifespan": 43200,
  "actionTokenGeneratedByUserLifespan": 300,
  "oauth2DeviceCodeLifespan": 600,
  "oauth2DevicePollingInterval": 5,
  "enabled": true,
  "sslRequired": "external",
  "registrationAllowed": false,
  "registrationEmailAsUsername": false,
  "rememberMe": false,
  "verifyEmail": false,
  "loginWithEmailAllowed": true,
  "duplicateEmailsAllowed": false,
  "resetPasswordAllowed": false,
  "editUsernameAllowed": false,
  "bruteForceProtected": false,
  "permanentLockout": false,
  "maxFailureWaitSeconds": 900,
  "minimumQuickLoginWaitSeconds": 60,
  "waitIncrementSeconds": 60,
  "quickLoginCheckMilliSeconds": 1000,
  "maxDeltaTimeSeconds": 43200,
  "failureFactor": 30,
  "roles": {
    "realm": [
      {
        "name": "ROLE_HQ",
        "description": "Headquarters personnel with full access",
        "composite": false,
        "clientRole": false,
        "containerId": "army-cop"
      },
      {
        "name": "ROLE_UNIT",
        "description": "Unit personnel with operational access",
        "composite": false,
        "clientRole": false,
        "containerId": "army-cop"
      },
      {
        "name": "ROLE_OBSERVER",
        "description": "Observer personnel with read-only access",
        "composite": false,
        "clientRole": false,
        "containerId": "army-cop"
      }
    ]
  },
  "groups": [
    {
      "name": "HQ",
      "path": "/HQ",
      "realmRoles": ["ROLE_HQ"]
    },
    {
      "name": "UNIT",
      "path": "/UNIT",
      "realmRoles": ["ROLE_UNIT"]
    },
    {
      "name": "OBSERVER",
      "path": "/OBSERVER",
      "realmRoles": ["ROLE_OBSERVER"]
    }
  ],
  "users": [
    {
      "username": "admin",
      "enabled": true,
      "firstName": "John",
      "lastName": "Smith",
      "email": "admin@army.mil",
      "credentials": [
        {
          "type": "password",
          "value": "admin123",
          "temporary": false
        }
      ],
      "realmRoles": ["ROLE_HQ"],
      "groups": ["/HQ"]
    },
    {
      "username": "unit1",
      "enabled": true,
      "firstName": "Jane",
      "lastName": "Doe",
      "email": "unit1@army.mil",
      "credentials": [
        {
          "type": "password",
          "value": "unit123",
          "temporary": false
        }
      ],
      "realmRoles": ["ROLE_UNIT"],
      "groups": ["/UNIT"]
    },
    {
      "username": "observer1",
      "enabled": true,
      "firstName": "Bob",
      "lastName": "Johnson",
      "email": "observer1@army.mil",
      "credentials": [
        {
          "type": "password",
          "value": "observer123",
          "temporary": false
        }
      ],
      "realmRoles": ["ROLE_OBSERVER"],
      "groups": ["/OBSERVER"]
    }
  ],
  "clients": [
    {
      "clientId": "army-cop-frontend",
      "name": "Army COP Frontend",
      "description": "Frontend application for Army COP",
      "enabled": true,
      "clientAuthenticatorType": "client-secret",
      "secret": "army-cop-frontend-secret",
      "redirectUris": ["http://localhost:3000/*", "https://*.vercel.app/*"],
      "webOrigins": ["http://localhost:3000", "https://*.vercel.app"],
      "protocol": "openid-connect",
      "attributes": {
        "saml.assertion.signature": "false",
        "saml.force.post.binding": "false",
        "saml.multivalued.roles": "false",
        "saml.encrypt": "false",
        "saml.server.signature": "false",
        "saml.server.signature.keyinfo.ext": "false",
        "exclude.session.state.from.auth.response": "false",
        "saml_force_name_id_format": "false",
        "saml.client.signature": "false",
        "tls.client.certificate.bound.access.tokens": "false",
        "saml.authnstatement": "false",
        "display.on.consent.screen": "false",
        "saml.onetimeuse.condition": "false"
      },
      "authenticationFlowBindingOverrides": {},
      "fullScopeAllowed": true,
      "nodeReRegistrationTimeout": -1,
      "protocolMappers": [
        {
          "name": "realm roles",
          "protocol": "openid-connect",
          "protocolMapper": "oidc-usermodel-realm-role-mapper",
          "consentRequired": false,
          "config": {
            "user.attribute": "foo",
            "access.token.claim": "true",
            "claim.name": "realm_access.roles",
            "jsonType.label": "String",
            "multivalued": "true"
          }
        }
      ],
      "defaultClientScopes": ["web-origins", "role_list", "profile", "roles", "email"],
      "optionalClientScopes": ["address", "phone", "offline_access", "microprofile-jwt"]
    }
  ]
}
